Workbook

Sheet 📖 Como ler
B1: Pontuação e Cálculo — AI Maturity Assessment
B2: Planilha auditável com SUMPRODUCT visível
B4: Como funciona
B5: 3 camadas | C5: capability_score → pillar_score → overall_score (SUMPRODUCT em cada nível)
B6: Capability score | C6: =SUMPRODUCT(níveis × pesos) / SUM(pesos) — apenas questões respondidas entram
B7: Pillar score | C7: =SUMPRODUCT(capability_scores × pesos) / SUM(pesos) — sobre capabilities do pillar
B8: Overall score | C8: =SUMPRODUCT(TODAS capabilities × pesos) / SUM(pesos) — NÃO é média dos 3 pillars
B10: Convenção de cores
B11: Amarelo (input) | C11: Célula editável: nível selecionado, peso, target_level
B12: Azul (computed) | C12: Cálculo intermediário (nível×peso, etc.)
B13: Verde (resultado) | C13: Score final da capability/pillar/overall
B14: Rosa (target/gap) | C14: Target_level e gap_size por capability
B16: Escala
B17: L0 = 0 (Inicial) | C17: Sem prática estabelecida
B18: L1 = 1 (Em Desenvolvimento) | C18: Pilotos isolados, <25% de cobertura
B19: L2 = 2 (Definido) | C19: 25–50% de cobertura, com diretrizes
B20: L3 = 3 (Gerenciado) | C20: >75% com métricas de impacto
B21: L4 = 4 (Otimizando) | C21: >95% universal, automação contínua
B23: Mapeamento score → rótulo
B24: score < 0.5 | C24: L0 — Inicial
B25: 0.5 ≤ score < 1.5 | C25: L1 — Em Desenvolvimento
B26: 1.5 ≤ score < 2.5 | C26: L2 — Definido
B27: 2.5 ≤ score < 3.5 | C27: L3 — Gerenciado
B28: score ≥ 3.5 | C28: L4 — Otimizando
B30: Threshold de cobertura
B31: ≥ 40 questões respondidas | C31: OK — scoring confiável
B32: 25–39 questões | C32: WARNING — scoring preliminar
B33: < 25 questões | C33: BLOCKED — scoring recusado
B35: Gap analysis
B36: gap_size | C36: =target_level − current_score (descartado se ≤ 0)
B37: priority_score | C37: =peso_capability × gap_size
B38: P0 (≥ 2.4) | C38: Crítico — endereçar em 30 dias
B39: P1 (≥ 1.6) | C39: Alto — incluir no próximo trimestre
B40: P2 (≥ 0.9) | C40: Médio — backlog do semestre
B41: P3 (< 0.9) | C41: Baixo — monitorar
B43: Abas
B44: Exemplo P1 | C44: Capability P1-C1 (Assistentes de Codificação IA) — 5 questões
B45: Exemplo P2 | C45: Capability P2-C1 (Inteligência de Pipeline CI/CD) — 6 questões
B46: Exemplo P3 | C46: Capability P3-C5 (Aplicações Agênticas) — 6 questões
B47: Resumo | C47: Combina os 3 exemplos: pillar scores + overall + gap analysis

Sheet Exemplo P1 (P1-C1)
A1: P1 · P1-C1 — Assistentes de Codificação IA
A2: Pillar: Produtividade do Desenvolvedor
A4: ID Questão | B4: Pergunta (PT-BR) | C4: Nível (0-4) | D4: Rótulo | E4: Peso | F4: Nível × Peso
A5: P1-C1-Q1 | B5: Em que medida sua organização utiliza ferramentas de completação de código com IA (ex. GitHub Copilot)? | C5: 3 | D5: =IF(C5=0,"L0 — Inicial",IF(C5=1,"L1 — Em Desenvolvimento",IF(C5=2,"L2 — Definido",IF(C5=3,"L3 — Gerenciado",IF(C5=4,"L4 — Otimizando","—"))))) | E5: 1 | F5: =C5*E5
A6: P1-C1-Q2 | B6: Quão efetivamente sua equipe aproveita IA para revisão de código e melhoria de qualidade? | C6: 3 | D6: =IF(C6=0,"L0 — Inicial",IF(C6=1,"L1 — Em Desenvolvimento",IF(C6=2,"L2 — Definido",IF(C6=3,"L3 — Gerenciado",IF(C6=4,"L4 — Otimizando","—"))))) | E6: 1 | F6: =C6*E6
A7: P1-C1-Q3 | B7: Como sua organização mede e rastreia o impacto das ferramentas de codificação IA na produtividade? | C7: 2 | D7: =IF(C7=0,"L0 — Inicial",IF(C7=1,"L1 — Em Desenvolvimento",IF(C7=2,"L2 — Definido",IF(C7=3,"L3 — Gerenciado",IF(C7=4,"L4 — Otimizando","—"))))) | E7: 1 | F7: =C7*E7
A8: P1-C1-Q4 | B8: Qual nível de capacidades de testes assistidos por IA sua organização emprega? | C8: 4 | D8: =IF(C8=0,"L0 — Inicial",IF(C8=1,"L1 — Em Desenvolvimento",IF(C8=2,"L2 — Definido",IF(C8=3,"L3 — Gerenciado",IF(C8=4,"L4 — Otimizando","—"))))) | E8: 1 | F8: =C8*E8
A9: P1-C1-Q5 | B9: Como sua organização governa o código gerado por IA em termos de segurança e conformidade? | C9: 3 | D9: =IF(C9=0,"L0 — Inicial",IF(C9=1,"L1 — Em Desenvolvimento",IF(C9=2,"L2 — Definido",IF(C9=3,"L3 — Gerenciado",IF(C9=4,"L4 — Otimizando","—"))))) | E9: 1 | F9: =C9*E9
A11: Σ(Nível × Peso) | F11: =SUMPRODUCT(C5:C9,E5:E9)
A12: Σ(Peso) | F12: =SUM(E5:E9)
A14: CAPABILITY SCORE | F14: =F11/F12
A15: Rótulo de maturidade | F15: =IF(F14<0.5,"L0",IF(F14<1.5,"L1",IF(F14<2.5,"L2",IF(F14<3.5,"L3","L4"))))
A17: Target level | F17: 3
A18: gap_size = target − current | F18: =MAX(0,F17-F14)
A19: Peso da capability | F19: 1
A20: priority_score = peso × gap | F20: =F19*F18
A21: Prioridade | F21: =IF(F20>=2.4,"P0 — Crítico",IF(F20>=1.6,"P1 — Alto",IF(F20>=0.9,"P2 — Médio","P3 — Baixo")))
A24: Como ler:
A25: • Células AMARELAS são editáveis — mude nível, peso da questão, peso da capability ou target.
A26: • Células AZUIS recalculam automaticamente (nível × peso, somatórios).
A27: • Célula VERDE é o resultado final da capability (com rótulo L0–L4 abaixo).
A28: • Células ROSA mostram gap analysis (target, gap, priority_score, prioridade P0–P3).
A29: • Aba 'Resumo' usa este capability_score (Cell F14) para calcular pillar e overall.

Sheet Exemplo P2 (P2-C1)
A1: P2 · P2-C1 — Inteligência de Pipeline CI/CD
A2: Pillar: Ciclo de Vida DevOps
A4: ID Questão | B4: Pergunta (PT-BR) | C4: Nível (0-4) | D4: Rótulo | E4: Peso | F4: Nível × Peso
A5: P2-C1-Q1 | B5: Quão maduro é seu pipeline CI/CD em termos de automação e integração de IA? | C5: 2 | D5: =IF(C5=0,"L0 — Inicial",IF(C5=1,"L1 — Em Desenvolvimento",IF(C5=2,"L2 — Definido",IF(C5=3,"L3 — Gerenciado",IF(C5=4,"L4 — Otimizando","—"))))) | E5: 1.5 | F5: =C5*E5
A6: P2-C1-Q2 | B6: Em que medida Inteligência de Pipeline CI/CD (pipeline-as-code everywhere) foi adotado entre as equipes? | C6: 3 | D6: =IF(C6=0,"L0 — Inicial",IF(C6=1,"L1 — Em Desenvolvimento",IF(C6=2,"L2 — Definido",IF(C6=3,"L3 — Gerenciado",IF(C6=4,"L4 — Otimizando","—"))))) | E6: 1 | F6: =C6*E6
A7: P2-C1-Q3 | B7: Em que medida Inteligência de Pipeline CI/CD (build caching and artifact reuse) foi adotado entre as equipes? | C7: 2 | D7: =IF(C7=0,"L0 — Inicial",IF(C7=1,"L1 — Em Desenvolvimento",IF(C7=2,"L2 — Definido",IF(C7=3,"L3 — Gerenciado",IF(C7=4,"L4 — Otimizando","—"))))) | E7: 1 | F7: =C7*E7
A8: P2-C1-Q4 | B8: Em que medida Inteligência de Pipeline CI/CD (trunk-based development) foi adotado entre as equipes? | C8: 2 | D8: =IF(C8=0,"L0 — Inicial",IF(C8=1,"L1 — Em Desenvolvimento",IF(C8=2,"L2 — Definido",IF(C8=3,"L3 — Gerenciado",IF(C8=4,"L4 — Otimizando","—"))))) | E8: 1 | F8: =C8*E8
A9: P2-C1-Q5 | B9: Em que medida Inteligência de Pipeline CI/CD (deployment frequency) foi adotado entre as equipes? | C9: 3 | D9: =IF(C9=0,"L0 — Inicial",IF(C9=1,"L1 — Em Desenvolvimento",IF(C9=2,"L2 — Definido",IF(C9=3,"L3 — Gerenciado",IF(C9=4,"L4 — Otimizando","—"))))) | E9: 1.5 | F9: =C9*E9
A10: P2-C1-Q6 | B10: Em que medida Inteligência de Pipeline CI/CD (feature flags for progressive delivery) foi adotado entre as equipes? | C10: 2 | D10: =IF(C10=0,"L0 — Inicial",IF(C10=1,"L1 — Em Desenvolvimento",IF(C10=2,"L2 — Definido",IF(C10=3,"L3 — Gerenciado",IF(C10=4,"L4 — Otimizando","—"))))) | E10: 1 | F10: =C10*E10
A12: Σ(Nível × Peso) | F12: =SUMPRODUCT(C5:C10,E5:E10)
A13: Σ(Peso) | F13: =SUM(E5:E10)
A15: CAPABILITY SCORE | F15: =F12/F13
A16: Rótulo de maturidade | F16: =IF(F15<0.5,"L0",IF(F15<1.5,"L1",IF(F15<2.5,"L2",IF(F15<3.5,"L3","L4"))))
A18: Target level | F18: 3.5
A19: gap_size = target − current | F19: =MAX(0,F18-F15)
A20: Peso da capability | F20: 1
A21: priority_score = peso × gap | F21: =F20*F19
A22: Prioridade | F22: =IF(F21>=2.4,"P0 — Crítico",IF(F21>=1.6,"P1 — Alto",IF(F21>=0.9,"P2 — Médio","P3 — Baixo")))
A25: Como ler:
A26: • Células AMARELAS são editáveis — mude nível, peso da questão, peso da capability ou target.
A27: • Células AZUIS recalculam automaticamente (nível × peso, somatórios).
A28: • Célula VERDE é o resultado final da capability (com rótulo L0–L4 abaixo).
A29: • Células ROSA mostram gap analysis (target, gap, priority_score, prioridade P0–P3).
A30: • Aba 'Resumo' usa este capability_score (Cell F15) para calcular pillar e overall.

Sheet Exemplo P3 (P3-C5)
A1: P3 · P3-C5 — Aplicações Agênticas
A2: Pillar: Plataforma de Aplicações
A4: ID Questão | B4: Pergunta (PT-BR) | C4: Nível (0-4) | D4: Rótulo | E4: Peso | F4: Nível × Peso
A5: P3-C5-Q1 | B5: Em que medida Aplicações Agênticas (agents with tool-use in prod) foi adotado entre as equipes? | C5: 1 | D5: =IF(C5=0,"L0 — Inicial",IF(C5=1,"L1 — Em Desenvolvimento",IF(C5=2,"L2 — Definido",IF(C5=3,"L3 — Gerenciado",IF(C5=4,"L4 — Otimizando","—"))))) | E5: 2 | F5: =C5*E5
A6: P3-C5-Q2 | B6: Em que medida Aplicações Agênticas (orchestration framework (Semantic Kernel, etc)) foi adotado entre as equipes? | C6: 1 | D6: =IF(C6=0,"L0 — Inicial",IF(C6=1,"L1 — Em Desenvolvimento",IF(C6=2,"L2 — Definido",IF(C6=3,"L3 — Gerenciado",IF(C6=4,"L4 — Otimizando","—"))))) | E6: 1 | F6: =C6*E6
A7: P3-C5-Q3 | B7: Em que medida Aplicações Agênticas (evaluation and safety for agents) foi adotado entre as equipes? | C7: 2 | D7: =IF(C7=0,"L0 — Inicial",IF(C7=1,"L1 — Em Desenvolvimento",IF(C7=2,"L2 — Definido",IF(C7=3,"L3 — Gerenciado",IF(C7=4,"L4 — Otimizando","—"))))) | E7: 2 | F7: =C7*E7
A8: P3-C5-Q4 | B8: Em que medida Aplicações Agênticas (tool/action registry) foi adotado entre as equipes? | C8: 0 | D8: =IF(C8=0,"L0 — Inicial",IF(C8=1,"L1 — Em Desenvolvimento",IF(C8=2,"L2 — Definido",IF(C8=3,"L3 — Gerenciado",IF(C8=4,"L4 — Otimizando","—"))))) | E8: 1 | F8: =C8*E8
A9: P3-C5-Q5 | B9: Em que medida Aplicações Agênticas (human-in-the-loop controls) foi adotado entre as equipes? | C9: 1 | D9: =IF(C9=0,"L0 — Inicial",IF(C9=1,"L1 — Em Desenvolvimento",IF(C9=2,"L2 — Definido",IF(C9=3,"L3 — Gerenciado",IF(C9=4,"L4 — Otimizando","—"))))) | E9: 1 | F9: =C9*E9
A10: P3-C5-Q6 | B10: Em que medida Aplicações Agênticas (agent cost and latency telemetry) foi adotado entre as equipes? | C10: 0 | D10: =IF(C10=0,"L0 — Inicial",IF(C10=1,"L1 — Em Desenvolvimento",IF(C10=2,"L2 — Definido",IF(C10=3,"L3 — Gerenciado",IF(C10=4,"L4 — Otimizando","—"))))) | E10: 2 | F10: =C10*E10
A12: Σ(Nível × Peso) | F12: =SUMPRODUCT(C5:C10,E5:E10)
A13: Σ(Peso) | F13: =SUM(E5:E10)
A15: CAPABILITY SCORE | F15: =F12/F13
A16: Rótulo de maturidade | F16: =IF(F15<0.5,"L0",IF(F15<1.5,"L1",IF(F15<2.5,"L2",IF(F15<3.5,"L3","L4"))))
A18: Target level | F18: 4
A19: gap_size = target − current | F19: =MAX(0,F18-F15)
A20: Peso da capability | F20: 1
A21: priority_score = peso × gap | F21: =F20*F19
A22: Prioridade | F22: =IF(F21>=2.4,"P0 — Crítico",IF(F21>=1.6,"P1 — Alto",IF(F21>=0.9,"P2 — Médio","P3 — Baixo")))
A25: Como ler:
A26: • Células AMARELAS são editáveis — mude nível, peso da questão, peso da capability ou target.
A27: • Células AZUIS recalculam automaticamente (nível × peso, somatórios).
A28: • Célula VERDE é o resultado final da capability (com rótulo L0–L4 abaixo).
A29: • Células ROSA mostram gap analysis (target, gap, priority_score, prioridade P0–P3).
A30: • Aba 'Resumo' usa este capability_score (Cell F15) para calcular pillar e overall.

Sheet 📊 Resumo (Pillar + Overall)
B1: Resumo de Pontuação — Combinando os 3 exemplos
B2: Pillar score = SUMPRODUCT(capability × peso) / SUM(peso). Overall = SUMPRODUCT sobre TODAS capabilities.
B4: Pillar | C4: Capability | D4: Capability Score | E4: Peso Capability | F4: score × peso | G4: Target | H4: Gap | I4: Priority
B5: P1 | C5: P1-C1 — Assistentes de Codificação IA | D5: ='Exemplo P1 (P1-C1)'!F14 | E5: ='Exemplo P1 (P1-C1)'!F19 | F5: =D5*E5 | G5: 3 | H5: =MAX(0,G5-D5) | I5: =IF(E5*H5>=2.4,"P0",IF(E5*H5>=1.6,"P1",IF(E5*H5>=0.9,"P2","P3")))
B6: P2 | C6: P2-C1 — Inteligência de Pipeline CI/CD | D6: ='Exemplo P2 (P2-C1)'!F15 | E6: ='Exemplo P2 (P2-C1)'!F20 | F6: =D6*E6 | G6: 3 | H6: =MAX(0,G6-D6) | I6: =IF(E6*H6>=2.4,"P0",IF(E6*H6>=1.6,"P1",IF(E6*H6>=0.9,"P2","P3")))
B7: P3 | C7: P3-C5 — Aplicações Agênticas | D7: ='Exemplo P3 (P3-C5)'!F15 | E7: ='Exemplo P3 (P3-C5)'!F20 | F7: =D7*E7 | G7: 4 | H7: =MAX(0,G7-D7) | I7: =IF(E7*H7>=2.4,"P0",IF(E7*H7>=1.6,"P1",IF(E7*H7>=0.9,"P2","P3")))
B10: Pillar Scores
B11: P1 | C11: P1 — Produtividade do Desenvolvedor | D11: =F5/E5 | E11: =IF(D11<0.5,"L0",IF(D11<1.5,"L1",IF(D11<2.5,"L2",IF(D11<3.5,"L3","L4"))))
B12: P2 | C12: P2 — Ciclo de Vida DevOps | D12: =F6/E6 | E12: =IF(D12<0.5,"L0",IF(D12<1.5,"L1",IF(D12<2.5,"L2",IF(D12<3.5,"L3","L4"))))
B13: P3 | C13: P3 — Plataforma de Aplicações | D13: =F7/E7 | E13: =IF(D13<0.5,"L0",IF(D13<1.5,"L1",IF(D13<2.5,"L2",IF(D13<3.5,"L3","L4"))))
B15: OVERALL SCORE | D15: =SUMPRODUCT(D5:D7,E5:E7)/SUM(E5:E7) | E15: =IF(D15<0.5,"L0 — Inicial",IF(D15<1.5,"L1 — Em Desenvolvimento",IF(D15<2.5,"L2 — Definido",IF(D15<3.5,"L3 — Gerenciado","L4 — Otimizando"))))
B18: Fórmulas usadas:
B19: • Pillar score (1 cap por pillar nesta demo): = score × peso / peso (no caso real: SUMPRODUCT sobre todas as capabilities do pillar)
B20: • Overall: =SUMPRODUCT(D5:D7; E5:E7) / SUM(E5:E7)
B22: Observação:
B23: • Na plataforma real, cada pillar tem ~9-10 capabilities. O Overall NÃO é média dos 3 pillars — é SUMPRODUCT direto.
B24: • Capabilities sem nenhuma resposta (capability_score = NULL) são ignoradas no Overall e no Pillar.
B25: • Pesos default são 1.0 (range permitido [0.5, 2.0]).
